{"loss": [0.2729867100715637, 0.15145590901374817, 0.11918195337057114, 0.10124864429235458, 0.08872105181217194, 0.07817856222391129, 0.07098958641290665, 0.06520269066095352, 0.05926816165447235, 0.05450901761651039, 0.050116296857595444, 0.04730543866753578, 0.045317407697439194, 0.04204493388533592, 0.03926735371351242, 0.03721142187714577, 0.03544020280241966, 0.03299121558666229, 0.031216595321893692, 0.0299312062561512], "accuracy": [0.898354172706604, 0.9498541951179504, 0.9618333578109741, 0.9678958058357239, 0.9725416898727417, 0.976229190826416, 0.9787083268165588, 0.9804166555404663, 0.9817083477973938, 0.9836458563804626, 0.9851874709129333, 0.9858333468437195, 0.9861875176429749, 0.987416684627533, 0.9878541827201843, 0.989062488079071, 0.9896875023841858, 0.9901041388511658, 0.9906874895095825, 0.9909791946411133], "val_loss": [0.1811264008283615, 0.14489808678627014, 0.11976094543933868, 0.10789820551872253, 0.10205833613872528, 0.10102605074644089, 0.0858265683054924, 0.08669300377368927, 0.08085665106773376, 0.08621371537446976, 0.08039342612028122, 0.07570207864046097, 0.07030829787254333, 0.0686412826180458, 0.07097991555929184, 0.06619825959205627, 0.0753181055188179, 0.07415757328271866, 0.0709284245967865, 0.06381191313266754], "val_accuracy": [0.940750002861023, 0.9545833468437195, 0.9639999866485596, 0.9662500023841858, 0.96875, 0.968999981880188, 0.9754166603088379, 0.9746666550636292, 0.9761666655540466, 0.9730833172798157, 0.9773333072662354, 0.9779166579246521, 0.9795833230018616, 0.9797499775886536, 0.9802500009536743, 0.9810000061988831, 0.9765833616256714, 0.9779999852180481, 0.9796666502952576, 0.9815833568572998]}